189,ENA,FASTA
Hemoglobin,Insulin,Collagen,Actin,Myosin,Fibrinogen,Melanin,Glucagon,Oxytocin,Immunoglobulin G
Escherichia coli haemoglobin protease,TACTACTTATTTTATATGCGAGATTTTATAACAATATAATGATTGTGTCATTTCCAACAGAGACTTGATCGGGCTTCCCATACATTTCCCTCATGGGCGTCTCCTTTTTCTGAAAGTCATGAATGGAGAGACCGTGATAGACGTAATGAGGGTTGGCAACGACCACGTAGTTGCCAACCACCGTTGTTA
Gekko badenii insulin,TACTACGGAGGTCCTGTCCGACGTAGTCTTCTCCGGTAGTTCGTCCAGACAAGGTTCCCGGAAACGCAGTCCACCCGAGTCCTAAGGTCCCACCGACCTGGGGTCCGGGGTCGAGACGTCGTCCCTCCTGCACCGACCCGAGCACTTCGTACACCCCCACTCGGGTCCCCGGGGTTCCGTCCCGTGGAC
Cedratvirus A11 Collagen-binding collagen-like,TACTACCTGCGTGTGTAGAAACATTTATCGTTAGAAACGGGAGAATATGACAGGCCATCATGCCCACGTTGACCGTTGTGGCCTGGAGTTCCACACTGACCACGTCCACAATGACCTCGATGTCCTCTTCATCCACGATGCCCTCATTGACCCGGAGTTCCTCTCCAACCATTATGTCCACATTGACCT
Solanum tuberosum (potato) partial actin,TACAGTCGTTAACCGCTACTATACCTCTTATATACCGTAGTATGAAAAATGTTACTCGAAGGTCAACGAGGACTCCTTGTGGGACAAGAGGACTGACTCCGTGGGGAATTAGGGTTCCGGTTGTCTCTCTTCTACTGGGTCTAATACAAGCTCTGTAAATTACAAGGACGATACATACAACGATAGGTC
C.elegans myosin II gene partial cds,TACAGGCACCTGTCGTGCTATGGAACCGACTAGTTCAACTTCCTGAAGCAGCGCTCTTGTTTAGAGAGTCGCTGCTCTGGGCACTGGAGTGGCTTAGTGAAAGGCTCCCTCCTGCACGATGGGTGCGAGAGAGGTTCTTGGAAGCAGCAAACCTTTACCTCTTCCTTCTTGAAGTTGCACCTAACCTGC
Caudoviricetes sp. fibrinogen,TACTACTAACTTATGCAGCAGAGAAACAGTAATAGAAACTACTGACCGGGTCGCACGGGATCGCCCACAGGGCAGGAGTGTCCCTTCCTATGTGGCGATCCCCAAGTGTGCCGGGCGGTCTACCTAATATACCCTTAGCCAAAGTTCCTCCTGCCCTTTCCGCCACACAAACGATAGGTAGGACAGACC
Bacillus cereus melanin biosynthesis,TACTACCCTTATTCTTTTTTAGTTCGTACAAACTGTCTACTTCTCTTCCGTCGAAAACATCTACGTTAAGTCCTTGATTTTTCTTTACCTCTTATAGTTGGGATACAACTACATGTAGCATTTGTAAAAAAAGTAGGATATGTAGTTTCACGTTACAAAGAGGGTACCGTAGCACTTAAAGAAGTATTT
Homo sapiens (human) glucagon,TACTACTTTTCGTAAATGAAACACCGACCTAATAAACATTACGACCATGTTCCGTCGACCGTTGCAAGGGAAGTTCTGTGTCTCCTCTTTAGGTCTAGTAAGAGTCGAAGGGTCCGTCTGGGTGAGTCACTAGGACTAGTCTACTTGCTCCTGTTCGCGGTAAGTGTCCCGTGTAAGTGGTCACTGATG
synthetic construct partial oxytocin,TACTACCGGCCGGGGTCGGAGCGAACGACAGACGAGCCGGAGGACCGCGACTGGAGGCGGACGATGTAGGTCTTGACGGGGGACCCTCCGTTCTCCCGGCGCGGCCTGGAGCTGCACGCGTTCACGGAGGGGACGCCGGGGCCCCCGTTTCCGGCGACGAAGCCCGGGTTATAGACGACGCGCCTTCTC
Streptococcus pyogenes immunoglobulin G-binding protein G,TACTACCCTTTTCTTTATTTTCACTTTATGAAAAACGCATCTAGTCGAAAACCTAATCAACGCCACAGTCGTAGTCATAATCAGCCAAGTTGTCATAGACGACAACTGAGTGGATAGCTTGTCGGAGCTTAATAAGGTTTACCGCCTTGGAATTGATTAGAAGAACCGTTACGAGGTCTTTTTGACCGT